concept_id,concept_name,pagerank,in_degree,out_degree,degree_centrality,betweenness_centrality,clustering_coefficient,community
C0003,Gradient,0.08862,10,10,0.3125,0.198589,0.149117,2
C0014,Gradient Descent,0.074846,9,9,0.3125,0.077621,0.145554,2
C0008,Neural Networks,0.074732,13,5,0.40625,0.301411,0.066904,3
C0023,Hidden Layers,0.050839,5,5,0.15625,0.056452,0.277412,3
C0011,Loss Function,0.047811,5,5,0.15625,0.0,0.232062,2
C0026,Backpropagation,0.045177,5,4,0.15625,0.00504,0.335163,2
C0021,Deep Neural Networks,0.044943,3,3,0.09375,0.0,0.620759,3
C0016,Deep Learning,0.044079,3,3,0.09375,0.0,0.60421,3
C0027,Adam,0.039526,4,4,0.125,0.001008,0.549643,2
C0028,RMSProp,0.039526,4,4,0.125,0.001008,0.549643,2
C0029,Linear Regression,0.035699,3,4,0.125,0.071573,0.149158,5
C0025,Weighted Sum,0.034331,5,6,0.1875,0.055444,0.130682,5
C0002,Machine Learning,0.03399,6,4,0.1875,0.150202,0.10095,2
C0010,Chain Rule,0.029291,3,4,0.125,0.003024,0.273002,2
C0032,Logistic Regression,0.027683,3,2,0.09375,0.038306,0.0,5
C0006,Prediction Error,0.027068,2,2,0.0625,0.0,0.454163,2
C0009,Partial Derivatives,0.026974,3,3,0.09375,0.0,0.546004,2
C0007,Multivariable Calculus,0.025327,3,3,0.09375,0.0,0.539151,2
C0005,Derivative,0.024291,3,3,0.09375,0.232863,0.171178,2
C0033,Mean Squared Error,0.022973,2,2,0.0625,0.0,0.894948,5
C0019,Weights and Biases,0.02214,3,4,0.125,0.018145,0.31325,2
C0004,Calculus,0.021451,4,5,0.15625,0.163306,0.128251,2
C0024,Nonlinear Activation Function,0.015842,2,3,0.09375,0.0,0.391815,5
C0022,Bias Term,0.015842,2,3,0.09375,0.0,0.391815,5
C0030,Binary Classification,0.015787,1,1,0.03125,0.0,0.0,5
C0018,Input Layer,0.014902,2,3,0.09375,0.0,0.323461,3
C0012,Mini-Batch Gradient Descent,0.014592,2,2,0.0625,0.0,0.353429,2
C0017,Output Layer,0.013941,2,3,0.09375,0.0,0.325984,3
C0031,Sigmoid Function,0.008606,1,2,0.0625,0.006048,0.0,5
C0001,Core Algorithms,0.004792,0,0,0.0,0.0,0.0,1
C0013,Learning Rate,0.004792,0,1,0.03125,0.0,0.0,2
C0015,Worked Example,0.004792,0,0,0.0,0.0,0.0,4
C0020,Biological Neurons,0.004792,0,1,0.03125,0.0,0.0,3
