relation_id,source_id,target_id,relation_type,weight,page,chunk_id,evidence
R0001,C0002,C0006,Application,0.3178,1,6993753a2adc4d94a951b63d10bbcdf8,"Most machine learning models are trained by searching for the set of parameters that minimizes some measure of prediction error, commonly called a loss function."
R0002,C0002,C0011,Application,0.3178,1,6993753a2adc4d94a951b63d10bbcdf8,"Most machine learning models are trained by searching for the set of parameters that minimizes some measure of prediction error, commonly called a loss function."
R0003,C0006,C0002,Application,0.3178,1,6993753a2adc4d94a951b63d10bbcdf8,"Most machine learning models are trained by searching for the set of parameters that minimizes some measure of prediction error, commonly called a loss function."
R0004,C0006,C0011,Application,0.84,1,6993753a2adc4d94a951b63d10bbcdf8,"Most machine learning models are trained by searching for the set of parameters that minimizes some measure of prediction error, commonly called a loss function."
R0005,C0011,C0002,Application,0.3178,1,6993753a2adc4d94a951b63d10bbcdf8,"Most machine learning models are trained by searching for the set of parameters that minimizes some measure of prediction error, commonly called a loss function."
R0006,C0011,C0006,Application,0.84,1,6993753a2adc4d94a951b63d10bbcdf8,"Most machine learning models are trained by searching for the set of parameters that minimizes some measure of prediction error, commonly called a loss function."
R0007,C0004,C0002,Prerequisite,0.2727,1,6993753a2adc4d94a951b63d10bbcdf8,"This search is guided by calculus, and in particular by the derivative, which tells us how a function's output changes as we make a small change to one of its inputs."
R0008,C0004,C0005,Prerequisite,0.299,1,6993753a2adc4d94a951b63d10bbcdf8,"This search is guided by calculus, and in particular by the derivative, which tells us how a function's output changes as we make a small change to one of its inputs."
R0009,C0005,C0004,Prerequisite,0.299,1,6993753a2adc4d94a951b63d10bbcdf8,"This search is guided by calculus, and in particular by the derivative, which tells us how a function's output changes as we make a small change to one of its inputs."
R0010,C0005,C0003,Part-of,0.4242,1,6993753a2adc4d94a951b63d10bbcdf8,"When a model has millions of parameters, as modern neural networks often do, the relevant object is not a single derivative but a gradient: a vector collecting the derivative of the loss with respect to every parameter simultaneously."
R0011,C0003,C0005,Part-of,0.3442,1,6993753a2adc4d94a951b63d10bbcdf8,"When a model has millions of parameters, as modern neural networks often do, the relevant object is not a single derivative but a gradient: a vector collecting the derivative of the loss with respect to every parameter simultaneously."
R0012,C0003,C0008,Part-of,0.84,1,6993753a2adc4d94a951b63d10bbcdf8,"When a model has millions of parameters, as modern neural networks often do, the relevant object is not a single derivative but a gradient: a vector collecting the derivative of the loss with respect to every parameter simultaneously."
R0013,C0005,C0008,Part-of,0.3442,1,6993753a2adc4d94a951b63d10bbcdf8,"When a model has millions of parameters, as modern neural networks often do, the relevant object is not a single derivative but a gradient: a vector collecting the derivative of the loss with respect to every parameter simultaneously."
R0014,C0008,C0003,Part-of,0.84,1,6993753a2adc4d94a951b63d10bbcdf8,"When a model has millions of parameters, as modern neural networks often do, the relevant object is not a single derivative but a gradient: a vector collecting the derivative of the loss with respect to every parameter simultaneously."
R0015,C0008,C0005,Part-of,0.3442,1,6993753a2adc4d94a951b63d10bbcdf8,"When a model has millions of parameters, as modern neural networks often do, the relevant object is not a single derivative but a gradient: a vector collecting the derivative of the loss with respect to every parameter simultaneously."
R0016,C0004,C0010,Part-of,0.4643,1,6993753a2adc4d94a951b63d10bbcdf8,"Students who have not yet encountered multivariable calculus are strongly encouraged to review partial derivatives and the chain rule before continuing, since both concepts reappear throughout the remainder of this chapter."
R0017,C0007,C0009,Part-of,0.71,1,6993753a2adc4d94a951b63d10bbcdf8,"Students who have not yet encountered multivariable calculus are strongly encouraged to review partial derivatives and the chain rule before continuing, since both concepts reappear throughout the remainder of this chapter."
R0018,C0007,C0010,Part-of,0.71,1,6993753a2adc4d94a951b63d10bbcdf8,"Students who have not yet encountered multivariable calculus are strongly encouraged to review partial derivatives and the chain rule before continuing, since both concepts reappear throughout the remainder of this chapter."
R0019,C0004,C0007,Prerequisite,0.312,1,6993753a2adc4d94a951b63d10bbcdf8,"Students who have not yet encountered multivariable calculus are strongly encouraged to review partial derivatives and the chain rule before continuing, since both concepts reappear throughout the remainder of this chapter."
R0020,C0004,C0009,Prerequisite,0.3043,1,6993753a2adc4d94a951b63d10bbcdf8,"Students who have not yet encountered multivariable calculus are strongly encouraged to review partial derivatives and the chain rule before continuing, since both concepts reappear throughout the remainder of this chapter."
R0021,C0004,C0010,Prerequisite,0.3843,1,6993753a2adc4d94a951b63d10bbcdf8,"Students who have not yet encountered multivariable calculus are strongly encouraged to review partial derivatives and the chain rule before continuing, since both concepts reappear throughout the remainder of this chapter."
R0022,C0007,C0004,Prerequisite,0.312,1,6993753a2adc4d94a951b63d10bbcdf8,"Students who have not yet encountered multivariable calculus are strongly encouraged to review partial derivatives and the chain rule before continuing, since both concepts reappear throughout the remainder of this chapter."
R0023,C0007,C0009,Prerequisite,0.79,1,6993753a2adc4d94a951b63d10bbcdf8,"Students who have not yet encountered multivariable calculus are strongly encouraged to review partial derivatives and the chain rule before continuing, since both concepts reappear throughout the remainder of this chapter."
R0024,C0007,C0010,Prerequisite,0.79,1,6993753a2adc4d94a951b63d10bbcdf8,"Students who have not yet encountered multivariable calculus are strongly encouraged to review partial derivatives and the chain rule before continuing, since both concepts reappear throughout the remainder of this chapter."
R0025,C0009,C0004,Prerequisite,0.3043,1,6993753a2adc4d94a951b63d10bbcdf8,"Students who have not yet encountered multivariable calculus are strongly encouraged to review partial derivatives and the chain rule before continuing, since both concepts reappear throughout the remainder of this chapter."
R0026,C0009,C0007,Prerequisite,0.71,1,6993753a2adc4d94a951b63d10bbcdf8,"Students who have not yet encountered multivariable calculus are strongly encouraged to review partial derivatives and the chain rule before continuing, since both concepts reappear throughout the remainder of this chapter."
R0027,C0009,C0010,Prerequisite,0.84,1,6993753a2adc4d94a951b63d10bbcdf8,"Students who have not yet encountered multivariable calculus are strongly encouraged to review partial derivatives and the chain rule before continuing, since both concepts reappear throughout the remainder of this chapter."
R0028,C0010,C0004,Prerequisite,0.3043,1,6993753a2adc4d94a951b63d10bbcdf8,"Students who have not yet encountered multivariable calculus are strongly encouraged to review partial derivatives and the chain rule before continuing, since both concepts reappear throughout the remainder of this chapter."
R0029,C0010,C0007,Prerequisite,0.71,1,6993753a2adc4d94a951b63d10bbcdf8,"Students who have not yet encountered multivariable calculus are strongly encouraged to review partial derivatives and the chain rule before continuing, since both concepts reappear throughout the remainder of this chapter."
R0030,C0010,C0009,Prerequisite,0.84,1,6993753a2adc4d94a951b63d10bbcdf8,"Students who have not yet encountered multivariable calculus are strongly encouraged to review partial derivatives and the chain rule before continuing, since both concepts reappear throughout the remainder of this chapter."
R0031,C0014,C0002,Application,0.34,1,5332a27567ba44c99506033e843c653b,Gradient descent is the optimization algorithm most commonly used to train machine learning models.
R0032,C0002,C0003,Application,0.2721,1,5332a27567ba44c99506033e843c653b,Gradient descent is the optimization algorithm most commonly used to train machine learning models.
R0033,C0002,C0014,Application,0.26,1,5332a27567ba44c99506033e843c653b,Gradient descent is the optimization algorithm most commonly used to train machine learning models.
R0034,C0003,C0002,Application,0.2721,1,5332a27567ba44c99506033e843c653b,Gradient descent is the optimization algorithm most commonly used to train machine learning models.
R0035,C0003,C0014,Application,0.4762,1,5332a27567ba44c99506033e843c653b,Gradient descent is the optimization algorithm most commonly used to train machine learning models.
R0036,C0014,C0003,Application,0.4762,1,5332a27567ba44c99506033e843c653b,Gradient descent is the optimization algorithm most commonly used to train machine learning models.
R0037,C0011,C0014,Prerequisite,0.3544,1,5332a27567ba44c99506033e843c653b,"The procedure is conceptually simple: starting from some initial guess for the model's parameters, repeatedly compute the gradient of the loss function and take a small step in the opposite direction, since the negative gradient points toward decreasing loss."
R0038,C0013,C0014,Part-of,0.26,1,5332a27567ba44c99506033e843c653b,The size of each step is governed by a hyperparameter known as the learning rate.
R0039,C0012,C0014,Extension,0.299,1,5332a27567ba44c99506033e843c653b,"Instead, most implementations use mini-batch gradient descent, which estimates the gradient from a small, randomly sampled subset of the data at each step, trading a noisier gradient estimate for a significant increase in computational efficiency."
R0040,C0003,C0012,Part-of,0.2808,1,5332a27567ba44c99506033e843c653b,"Instead, most implementations use mini-batch gradient descent, which estimates the gradient from a small, randomly sampled subset of the data at each step, trading a noisier gradient estimate for a significant increase in computational efficiency."
R0041,C0003,C0014,Part-of,0.4762,1,5332a27567ba44c99506033e843c653b,"Instead, most implementations use mini-batch gradient descent, which estimates the gradient from a small, randomly sampled subset of the data at each step, trading a noisier gradient estimate for a significant increase in computational efficiency."
R0042,C0012,C0003,Part-of,0.2808,1,5332a27567ba44c99506033e843c653b,"Instead, most implementations use mini-batch gradient descent, which estimates the gradient from a small, randomly sampled subset of the data at each step, trading a noisier gradient estimate for a significant increase in computational efficiency."
R0043,C0012,C0014,Part-of,0.379,1,5332a27567ba44c99506033e843c653b,"Instead, most implementations use mini-batch gradient descent, which estimates the gradient from a small, randomly sampled subset of the data at each step, trading a noisier gradient estimate for a significant increase in computational efficiency."
R0044,C0014,C0003,Part-of,0.4762,1,5332a27567ba44c99506033e843c653b,"Instead, most implementations use mini-batch gradient descent, which estimates the gradient from a small, randomly sampled subset of the data at each step, trading a noisier gradient estimate for a significant increase in computational efficiency."
R0045,C0014,C0012,Part-of,0.299,1,5332a27567ba44c99506033e843c653b,"Instead, most implementations use mini-batch gradient descent, which estimates the gradient from a small, randomly sampled subset of the data at each step, trading a noisier gradient estimate for a significant increase in computational efficiency."
R0046,C0020,C0008,Similarity,0.3033,2,8064a70e352040b9a4661b59b5573b0b,"A neural network is a computational model composed of layers of simple processing units, loosely inspired by networks of biological neurons."
R0047,C0025,C0008,Part-of,0.2708,2,8064a70e352040b9a4661b59b5573b0b,"Each unit computes a weighted sum of its inputs, adds a bias term, and passes the result through a nonlinear activation function."
R0048,C0022,C0008,Part-of,0.2724,2,8064a70e352040b9a4661b59b5573b0b,"Each unit computes a weighted sum of its inputs, adds a bias term, and passes the result through a nonlinear activation function."
R0049,C0024,C0008,Part-of,0.2724,2,8064a70e352040b9a4661b59b5573b0b,"Each unit computes a weighted sum of its inputs, adds a bias term, and passes the result through a nonlinear activation function."
R0050,C0022,C0024,Application,0.84,2,8064a70e352040b9a4661b59b5573b0b,"Each unit computes a weighted sum of its inputs, adds a bias term, and passes the result through a nonlinear activation function."
R0051,C0022,C0025,Application,0.3303,2,8064a70e352040b9a4661b59b5573b0b,"Each unit computes a weighted sum of its inputs, adds a bias term, and passes the result through a nonlinear activation function."
R0052,C0024,C0022,Application,0.84,2,8064a70e352040b9a4661b59b5573b0b,"Each unit computes a weighted sum of its inputs, adds a bias term, and passes the result through a nonlinear activation function."
R0053,C0024,C0025,Application,0.3303,2,8064a70e352040b9a4661b59b5573b0b,"Each unit computes a weighted sum of its inputs, adds a bias term, and passes the result through a nonlinear activation function."
R0054,C0025,C0022,Application,0.3303,2,8064a70e352040b9a4661b59b5573b0b,"Each unit computes a weighted sum of its inputs, adds a bias term, and passes the result through a nonlinear activation function."
R0055,C0025,C0024,Application,0.3303,2,8064a70e352040b9a4661b59b5573b0b,"Each unit computes a weighted sum of its inputs, adds a bias term, and passes the result through a nonlinear activation function."
R0056,C0018,C0008,Part-of,0.26,2,8064a70e352040b9a4661b59b5573b0b,"A typical network is organized into an input layer, one or more hidden layers, and an output layer."
R0057,C0017,C0008,Part-of,0.3511,2,8064a70e352040b9a4661b59b5573b0b,"A typical network is organized into an input layer, one or more hidden layers, and an output layer."
R0058,C0017,C0018,Part-of,0.3087,2,8064a70e352040b9a4661b59b5573b0b,"A typical network is organized into an input layer, one or more hidden layers, and an output layer."
R0059,C0017,C0023,Part-of,0.2915,2,8064a70e352040b9a4661b59b5573b0b,"A typical network is organized into an input layer, one or more hidden layers, and an output layer."
R0060,C0018,C0017,Part-of,0.3087,2,8064a70e352040b9a4661b59b5573b0b,"A typical network is organized into an input layer, one or more hidden layers, and an output layer."
R0061,C0018,C0023,Part-of,0.3673,2,8064a70e352040b9a4661b59b5573b0b,"A typical network is organized into an input layer, one or more hidden layers, and an output layer."
R0062,C0023,C0017,Part-of,0.2915,2,8064a70e352040b9a4661b59b5573b0b,"A typical network is organized into an input layer, one or more hidden layers, and an output layer."
R0063,C0023,C0018,Part-of,0.3673,2,8064a70e352040b9a4661b59b5573b0b,"A typical network is organized into an input layer, one or more hidden layers, and an output layer."
R0064,C0023,C0021,Part-of,0.736,2,8064a70e352040b9a4661b59b5573b0b,"Networks with many hidden layers are often referred to as deep neural networks, which is the origin of the term deep learning."
R0065,C0021,C0016,Prerequisite,0.92,2,8064a70e352040b9a4661b59b5573b0b,"Networks with many hidden layers are often referred to as deep neural networks, which is the origin of the term deep learning."
R0066,C0021,C0008,Extension,0.3343,2,8064a70e352040b9a4661b59b5573b0b,"Networks with many hidden layers are often referred to as deep neural networks, which is the origin of the term deep learning."
R0067,C0008,C0016,Prerequisite,0.3343,2,8064a70e352040b9a4661b59b5573b0b,"Networks with many hidden layers are often referred to as deep neural networks, which is the origin of the term deep learning."
R0068,C0008,C0021,Prerequisite,0.3343,2,8064a70e352040b9a4661b59b5573b0b,"Networks with many hidden layers are often referred to as deep neural networks, which is the origin of the term deep learning."
R0069,C0008,C0023,Prerequisite,0.323,2,8064a70e352040b9a4661b59b5573b0b,"Networks with many hidden layers are often referred to as deep neural networks, which is the origin of the term deep learning."
R0070,C0016,C0008,Prerequisite,0.3343,2,8064a70e352040b9a4661b59b5573b0b,"Networks with many hidden layers are often referred to as deep neural networks, which is the origin of the term deep learning."
R0071,C0016,C0021,Prerequisite,0.84,2,8064a70e352040b9a4661b59b5573b0b,"Networks with many hidden layers are often referred to as deep neural networks, which is the origin of the term deep learning."
R0072,C0016,C0023,Prerequisite,0.736,2,8064a70e352040b9a4661b59b5573b0b,"Networks with many hidden layers are often referred to as deep neural networks, which is the origin of the term deep learning."
R0073,C0021,C0008,Prerequisite,0.4143,2,8064a70e352040b9a4661b59b5573b0b,"Networks with many hidden layers are often referred to as deep neural networks, which is the origin of the term deep learning."
R0074,C0021,C0023,Prerequisite,0.736,2,8064a70e352040b9a4661b59b5573b0b,"Networks with many hidden layers are often referred to as deep neural networks, which is the origin of the term deep learning."
R0075,C0023,C0008,Prerequisite,0.323,2,8064a70e352040b9a4661b59b5573b0b,"Networks with many hidden layers are often referred to as deep neural networks, which is the origin of the term deep learning."
R0076,C0023,C0016,Prerequisite,0.736,2,8064a70e352040b9a4661b59b5573b0b,"Networks with many hidden layers are often referred to as deep neural networks, which is the origin of the term deep learning."
R0077,C0023,C0021,Prerequisite,0.816,2,8064a70e352040b9a4661b59b5573b0b,"Networks with many hidden layers are often referred to as deep neural networks, which is the origin of the term deep learning."
R0078,C0019,C0008,Part-of,0.26,2,8064a70e352040b9a4661b59b5573b0b,"Training a neural network means finding the weights and biases that minimize the loss function over the training data, and this is where gradient descent reappears: the parameters of a neural network are updated using gradient descent, with the gradient computed across every layer of the network simultaneously."
R0079,C0014,C0008,Application,0.3162,2,8064a70e352040b9a4661b59b5573b0b,"Training a neural network means finding the weights and biases that minimize the loss function over the training data, and this is where gradient descent reappears: the parameters of a neural network are updated using gradient descent, with the gradient computed across every layer of the network simultaneously."
R0080,C0003,C0011,Part-of,0.3563,2,8064a70e352040b9a4661b59b5573b0b,"Training a neural network means finding the weights and biases that minimize the loss function over the training data, and this is where gradient descent reappears: the parameters of a neural network are updated using gradient descent, with the gradient computed across every layer of the network simultaneously."
R0081,C0003,C0011,Application,0.4363,2,8064a70e352040b9a4661b59b5573b0b,"Training a neural network means finding the weights and biases that minimize the loss function over the training data, and this is where gradient descent reappears: the parameters of a neural network are updated using gradient descent, with the gradient computed across every layer of the network simultaneously."
R0082,C0003,C0019,Part-of,0.26,2,8064a70e352040b9a4661b59b5573b0b,"Training a neural network means finding the weights and biases that minimize the loss function over the training data, and this is where gradient descent reappears: the parameters of a neural network are updated using gradient descent, with the gradient computed across every layer of the network simultaneously."
R0083,C0003,C0019,Application,0.34,2,8064a70e352040b9a4661b59b5573b0b,"Training a neural network means finding the weights and biases that minimize the loss function over the training data, and this is where gradient descent reappears: the parameters of a neural network are updated using gradient descent, with the gradient computed across every layer of the network simultaneously."
R0084,C0011,C0003,Part-of,0.3563,2,8064a70e352040b9a4661b59b5573b0b,"Training a neural network means finding the weights and biases that minimize the loss function over the training data, and this is where gradient descent reappears: the parameters of a neural network are updated using gradient descent, with the gradient computed across every layer of the network simultaneously."
R0085,C0011,C0003,Application,0.4363,2,8064a70e352040b9a4661b59b5573b0b,"Training a neural network means finding the weights and biases that minimize the loss function over the training data, and this is where gradient descent reappears: the parameters of a neural network are updated using gradient descent, with the gradient computed across every layer of the network simultaneously."
R0086,C0011,C0014,Part-of,0.4344,2,8064a70e352040b9a4661b59b5573b0b,"Training a neural network means finding the weights and biases that minimize the loss function over the training data, and this is where gradient descent reappears: the parameters of a neural network are updated using gradient descent, with the gradient computed across every layer of the network simultaneously."
R0087,C0011,C0014,Application,0.4344,2,8064a70e352040b9a4661b59b5573b0b,"Training a neural network means finding the weights and biases that minimize the loss function over the training data, and this is where gradient descent reappears: the parameters of a neural network are updated using gradient descent, with the gradient computed across every layer of the network simultaneously."
R0088,C0011,C0019,Part-of,0.26,2,8064a70e352040b9a4661b59b5573b0b,"Training a neural network means finding the weights and biases that minimize the loss function over the training data, and this is where gradient descent reappears: the parameters of a neural network are updated using gradient descent, with the gradient computed across every layer of the network simultaneously."
R0089,C0011,C0019,Application,0.34,2,8064a70e352040b9a4661b59b5573b0b,"Training a neural network means finding the weights and biases that minimize the loss function over the training data, and this is where gradient descent reappears: the parameters of a neural network are updated using gradient descent, with the gradient computed across every layer of the network simultaneously."
R0090,C0014,C0011,Part-of,0.2744,2,8064a70e352040b9a4661b59b5573b0b,"Training a neural network means finding the weights and biases that minimize the loss function over the training data, and this is where gradient descent reappears: the parameters of a neural network are updated using gradient descent, with the gradient computed across every layer of the network simultaneously."
R0091,C0014,C0011,Application,0.3544,2,8064a70e352040b9a4661b59b5573b0b,"Training a neural network means finding the weights and biases that minimize the loss function over the training data, and this is where gradient descent reappears: the parameters of a neural network are updated using gradient descent, with the gradient computed across every layer of the network simultaneously."
R0092,C0014,C0019,Part-of,0.26,2,8064a70e352040b9a4661b59b5573b0b,"Training a neural network means finding the weights and biases that minimize the loss function over the training data, and this is where gradient descent reappears: the parameters of a neural network are updated using gradient descent, with the gradient computed across every layer of the network simultaneously."
R0093,C0014,C0019,Application,0.34,2,8064a70e352040b9a4661b59b5573b0b,"Training a neural network means finding the weights and biases that minimize the loss function over the training data, and this is where gradient descent reappears: the parameters of a neural network are updated using gradient descent, with the gradient computed across every layer of the network simultaneously."
R0094,C0019,C0003,Part-of,0.26,2,8064a70e352040b9a4661b59b5573b0b,"Training a neural network means finding the weights and biases that minimize the loss function over the training data, and this is where gradient descent reappears: the parameters of a neural network are updated using gradient descent, with the gradient computed across every layer of the network simultaneously."
R0095,C0019,C0003,Application,0.34,2,8064a70e352040b9a4661b59b5573b0b,"Training a neural network means finding the weights and biases that minimize the loss function over the training data, and this is where gradient descent reappears: the parameters of a neural network are updated using gradient descent, with the gradient computed across every layer of the network simultaneously."
R0096,C0019,C0011,Part-of,0.26,2,8064a70e352040b9a4661b59b5573b0b,"Training a neural network means finding the weights and biases that minimize the loss function over the training data, and this is where gradient descent reappears: the parameters of a neural network are updated using gradient descent, with the gradient computed across every layer of the network simultaneously."
R0097,C0019,C0011,Application,0.34,2,8064a70e352040b9a4661b59b5573b0b,"Training a neural network means finding the weights and biases that minimize the loss function over the training data, and this is where gradient descent reappears: the parameters of a neural network are updated using gradient descent, with the gradient computed across every layer of the network simultaneously."
R0098,C0019,C0014,Part-of,0.26,2,8064a70e352040b9a4661b59b5573b0b,"Training a neural network means finding the weights and biases that minimize the loss function over the training data, and this is where gradient descent reappears: the parameters of a neural network are updated using gradient descent, with the gradient computed across every layer of the network simultaneously."
R0099,C0019,C0014,Application,0.34,2,8064a70e352040b9a4661b59b5573b0b,"Training a neural network means finding the weights and biases that minimize the loss function over the training data, and this is where gradient descent reappears: the parameters of a neural network are updated using gradient descent, with the gradient computed across every layer of the network simultaneously."
R0100,C0010,C0026,Prerequisite,0.2724,2,d62871681d314ae3b3ca8cc04da3eb34,"It is an efficient algorithm for computing gradients that works by applying the chain rule from calculus, propagating the error signal backward from the output layer through each hidden layer in turn."
R0101,C0026,C0014,Application,0.9675,2,d62871681d314ae3b3ca8cc04da3eb34,"In effect, backpropagation is not a separate optimization method but a technique for making gradient descent computationally practical for deep networks."
R0102,C0003,C0026,Application,0.3978,2,d62871681d314ae3b3ca8cc04da3eb34,"In effect, backpropagation is not a separate optimization method but a technique for making gradient descent computationally practical for deep networks."
R0103,C0014,C0026,Application,0.8875,2,d62871681d314ae3b3ca8cc04da3eb34,"In effect, backpropagation is not a separate optimization method but a technique for making gradient descent computationally practical for deep networks."
R0104,C0026,C0003,Application,0.3978,2,d62871681d314ae3b3ca8cc04da3eb34,"In effect, backpropagation is not a separate optimization method but a technique for making gradient descent computationally practical for deep networks."
R0105,C0027,C0014,Extension,0.5222,2,d62871681d314ae3b3ca8cc04da3eb34,"The two are almost always used together: backpropagation computes the gradients, and gradient descent (or one of its many variants, such as Adam or RMSProp) uses those gradients to update the parameters."
R0106,C0028,C0014,Extension,0.5222,2,d62871681d314ae3b3ca8cc04da3eb34,"The two are almost always used together: backpropagation computes the gradients, and gradient descent (or one of its many variants, such as Adam or RMSProp) uses those gradients to update the parameters."
R0107,C0003,C0014,Extension,0.4762,2,d62871681d314ae3b3ca8cc04da3eb34,"The two are almost always used together: backpropagation computes the gradients, and gradient descent (or one of its many variants, such as Adam or RMSProp) uses those gradients to update the parameters."
R0108,C0003,C0026,Extension,0.4778,2,d62871681d314ae3b3ca8cc04da3eb34,"The two are almost always used together: backpropagation computes the gradients, and gradient descent (or one of its many variants, such as Adam or RMSProp) uses those gradients to update the parameters."
R0109,C0003,C0027,Application,0.2939,2,d62871681d314ae3b3ca8cc04da3eb34,"The two are almost always used together: backpropagation computes the gradients, and gradient descent (or one of its many variants, such as Adam or RMSProp) uses those gradients to update the parameters."
R0110,C0003,C0027,Extension,0.3739,2,d62871681d314ae3b3ca8cc04da3eb34,"The two are almost always used together: backpropagation computes the gradients, and gradient descent (or one of its many variants, such as Adam or RMSProp) uses those gradients to update the parameters."
R0111,C0003,C0028,Application,0.2939,2,d62871681d314ae3b3ca8cc04da3eb34,"The two are almost always used together: backpropagation computes the gradients, and gradient descent (or one of its many variants, such as Adam or RMSProp) uses those gradients to update the parameters."
R0112,C0003,C0028,Extension,0.3739,2,d62871681d314ae3b3ca8cc04da3eb34,"The two are almost always used together: backpropagation computes the gradients, and gradient descent (or one of its many variants, such as Adam or RMSProp) uses those gradients to update the parameters."
R0113,C0014,C0003,Extension,0.4762,2,d62871681d314ae3b3ca8cc04da3eb34,"The two are almost always used together: backpropagation computes the gradients, and gradient descent (or one of its many variants, such as Adam or RMSProp) uses those gradients to update the parameters."
R0114,C0014,C0026,Extension,0.9675,2,d62871681d314ae3b3ca8cc04da3eb34,"The two are almost always used together: backpropagation computes the gradients, and gradient descent (or one of its many variants, such as Adam or RMSProp) uses those gradients to update the parameters."
R0115,C0014,C0027,Application,0.3622,2,d62871681d314ae3b3ca8cc04da3eb34,"The two are almost always used together: backpropagation computes the gradients, and gradient descent (or one of its many variants, such as Adam or RMSProp) uses those gradients to update the parameters."
R0116,C0014,C0027,Extension,0.4422,2,d62871681d314ae3b3ca8cc04da3eb34,"The two are almost always used together: backpropagation computes the gradients, and gradient descent (or one of its many variants, such as Adam or RMSProp) uses those gradients to update the parameters."
R0117,C0014,C0028,Application,0.3622,2,d62871681d314ae3b3ca8cc04da3eb34,"The two are almost always used together: backpropagation computes the gradients, and gradient descent (or one of its many variants, such as Adam or RMSProp) uses those gradients to update the parameters."
R0118,C0014,C0028,Extension,0.4422,2,d62871681d314ae3b3ca8cc04da3eb34,"The two are almost always used together: backpropagation computes the gradients, and gradient descent (or one of its many variants, such as Adam or RMSProp) uses those gradients to update the parameters."
R0119,C0026,C0003,Extension,0.4778,2,d62871681d314ae3b3ca8cc04da3eb34,"The two are almost always used together: backpropagation computes the gradients, and gradient descent (or one of its many variants, such as Adam or RMSProp) uses those gradients to update the parameters."
R0120,C0026,C0014,Extension,0.9675,2,d62871681d314ae3b3ca8cc04da3eb34,"The two are almost always used together: backpropagation computes the gradients, and gradient descent (or one of its many variants, such as Adam or RMSProp) uses those gradients to update the parameters."
R0121,C0026,C0027,Application,0.3633,2,d62871681d314ae3b3ca8cc04da3eb34,"The two are almost always used together: backpropagation computes the gradients, and gradient descent (or one of its many variants, such as Adam or RMSProp) uses those gradients to update the parameters."
R0122,C0026,C0027,Extension,0.4433,2,d62871681d314ae3b3ca8cc04da3eb34,"The two are almost always used together: backpropagation computes the gradients, and gradient descent (or one of its many variants, such as Adam or RMSProp) uses those gradients to update the parameters."
R0123,C0026,C0028,Application,0.3633,2,d62871681d314ae3b3ca8cc04da3eb34,"The two are almost always used together: backpropagation computes the gradients, and gradient descent (or one of its many variants, such as Adam or RMSProp) uses those gradients to update the parameters."
R0124,C0026,C0028,Extension,0.4433,2,d62871681d314ae3b3ca8cc04da3eb34,"The two are almost always used together: backpropagation computes the gradients, and gradient descent (or one of its many variants, such as Adam or RMSProp) uses those gradients to update the parameters."
R0125,C0027,C0003,Application,0.2939,2,d62871681d314ae3b3ca8cc04da3eb34,"The two are almost always used together: backpropagation computes the gradients, and gradient descent (or one of its many variants, such as Adam or RMSProp) uses those gradients to update the parameters."
R0126,C0027,C0003,Extension,0.3739,2,d62871681d314ae3b3ca8cc04da3eb34,"The two are almost always used together: backpropagation computes the gradients, and gradient descent (or one of its many variants, such as Adam or RMSProp) uses those gradients to update the parameters."
R0127,C0027,C0014,Application,0.4422,2,d62871681d314ae3b3ca8cc04da3eb34,"The two are almost always used together: backpropagation computes the gradients, and gradient descent (or one of its many variants, such as Adam or RMSProp) uses those gradients to update the parameters."
R0128,C0027,C0026,Application,0.3633,2,d62871681d314ae3b3ca8cc04da3eb34,"The two are almost always used together: backpropagation computes the gradients, and gradient descent (or one of its many variants, such as Adam or RMSProp) uses those gradients to update the parameters."
R0129,C0027,C0026,Extension,0.4433,2,d62871681d314ae3b3ca8cc04da3eb34,"The two are almost always used together: backpropagation computes the gradients, and gradient descent (or one of its many variants, such as Adam or RMSProp) uses those gradients to update the parameters."
R0130,C0027,C0028,Application,0.84,2,d62871681d314ae3b3ca8cc04da3eb34,"The two are almost always used together: backpropagation computes the gradients, and gradient descent (or one of its many variants, such as Adam or RMSProp) uses those gradients to update the parameters."
R0131,C0027,C0028,Extension,0.92,2,d62871681d314ae3b3ca8cc04da3eb34,"The two are almost always used together: backpropagation computes the gradients, and gradient descent (or one of its many variants, such as Adam or RMSProp) uses those gradients to update the parameters."
R0132,C0028,C0003,Application,0.2939,2,d62871681d314ae3b3ca8cc04da3eb34,"The two are almost always used together: backpropagation computes the gradients, and gradient descent (or one of its many variants, such as Adam or RMSProp) uses those gradients to update the parameters."
R0133,C0028,C0003,Extension,0.3739,2,d62871681d314ae3b3ca8cc04da3eb34,"The two are almost always used together: backpropagation computes the gradients, and gradient descent (or one of its many variants, such as Adam or RMSProp) uses those gradients to update the parameters."
R0134,C0028,C0014,Application,0.4422,2,d62871681d314ae3b3ca8cc04da3eb34,"The two are almost always used together: backpropagation computes the gradients, and gradient descent (or one of its many variants, such as Adam or RMSProp) uses those gradients to update the parameters."
R0135,C0028,C0026,Application,0.3633,2,d62871681d314ae3b3ca8cc04da3eb34,"The two are almost always used together: backpropagation computes the gradients, and gradient descent (or one of its many variants, such as Adam or RMSProp) uses those gradients to update the parameters."
R0136,C0028,C0026,Extension,0.4433,2,d62871681d314ae3b3ca8cc04da3eb34,"The two are almost always used together: backpropagation computes the gradients, and gradient descent (or one of its many variants, such as Adam or RMSProp) uses those gradients to update the parameters."
R0137,C0028,C0027,Application,0.84,2,d62871681d314ae3b3ca8cc04da3eb34,"The two are almost always used together: backpropagation computes the gradients, and gradient descent (or one of its many variants, such as Adam or RMSProp) uses those gradients to update the parameters."
R0138,C0028,C0027,Extension,0.92,2,d62871681d314ae3b3ca8cc04da3eb34,"The two are almost always used together: backpropagation computes the gradients, and gradient descent (or one of its many variants, such as Adam or RMSProp) uses those gradients to update the parameters."
R0139,C0033,C0029,Application,0.92,4,888a3511e4f04b2e9ad83ee68a4c4dc0,"Linear regression models the relationship between input features and a continuous target variable as a weighted sum of the inputs, and is typically trained by minimizing the mean squared error between predicted and actual values."
R0140,C0029,C0002,Application,0.3454,4,888a3511e4f04b2e9ad83ee68a4c4dc0,"Linear regression models the relationship between input features and a continuous target variable as a weighted sum of the inputs, and is typically trained by minimizing the mean squared error between predicted and actual values."
R0141,C0025,C0029,Application,0.84,4,888a3511e4f04b2e9ad83ee68a4c4dc0,"Linear regression models the relationship between input features and a continuous target variable as a weighted sum of the inputs, and is typically trained by minimizing the mean squared error between predicted and actual values."
R0142,C0025,C0033,Application,0.84,4,888a3511e4f04b2e9ad83ee68a4c4dc0,"Linear regression models the relationship between input features and a continuous target variable as a weighted sum of the inputs, and is typically trained by minimizing the mean squared error between predicted and actual values."
R0143,C0029,C0025,Application,0.84,4,888a3511e4f04b2e9ad83ee68a4c4dc0,"Linear regression models the relationship between input features and a continuous target variable as a weighted sum of the inputs, and is typically trained by minimizing the mean squared error between predicted and actual values."
R0144,C0029,C0033,Application,0.84,4,888a3511e4f04b2e9ad83ee68a4c4dc0,"Linear regression models the relationship between input features and a continuous target variable as a weighted sum of the inputs, and is typically trained by minimizing the mean squared error between predicted and actual values."
R0145,C0033,C0025,Application,0.84,4,888a3511e4f04b2e9ad83ee68a4c4dc0,"Linear regression models the relationship between input features and a continuous target variable as a weighted sum of the inputs, and is typically trained by minimizing the mean squared error between predicted and actual values."
R0146,C0032,C0030,Application,0.4547,4,888a3511e4f04b2e9ad83ee68a4c4dc0,"Logistic regression addresses a different problem: binary classification, where the goal is to predict which of two classes an example belongs to."
R0147,C0030,C0032,Application,0.3747,4,888a3511e4f04b2e9ad83ee68a4c4dc0,"Logistic regression addresses a different problem: binary classification, where the goal is to predict which of two classes an example belongs to."
R0148,C0029,C0032,Similarity,0.5185,4,888a3511e4f04b2e9ad83ee68a4c4dc0,"Despite its name, logistic regression is closely related to linear regression."
R0149,C0032,C0029,Similarity,0.5185,4,888a3511e4f04b2e9ad83ee68a4c4dc0,"Despite its name, logistic regression is closely related to linear regression."
R0150,C0031,C0032,Part-of,0.32,4,888a3511e4f04b2e9ad83ee68a4c4dc0,"It computes the same weighted sum of inputs, but then passes that sum through a sigmoid function to produce a value between zero and one, which is interpreted as the probability of belonging to the positive class."
R0151,C0025,C0031,Application,0.3926,4,888a3511e4f04b2e9ad83ee68a4c4dc0,"It computes the same weighted sum of inputs, but then passes that sum through a sigmoid function to produce a value between zero and one, which is interpreted as the probability of belonging to the positive class."
R0152,C0031,C0025,Application,0.3926,4,888a3511e4f04b2e9ad83ee68a4c4dc0,"It computes the same weighted sum of inputs, but then passes that sum through a sigmoid function to produce a value between zero and one, which is interpreted as the probability of belonging to the positive class."
R0153,C0032,C0029,Extension,0.5185,4,888a3511e4f04b2e9ad83ee68a4c4dc0,"Because both models share the same underlying linear structure, logistic regression is often introduced as a natural extension of linear regression to classification problems."
R0154,C0029,C0032,Prerequisite,0.5185,4,888a3511e4f04b2e9ad83ee68a4c4dc0,"Because both models share the same underlying linear structure, logistic regression is often introduced as a natural extension of linear regression to classification problems."
R0155,C0029,C0032,Part-of,0.5185,4,888a3511e4f04b2e9ad83ee68a4c4dc0,"Because both models share the same underlying linear structure, logistic regression is often introduced as a natural extension of linear regression to classification problems."
R0156,C0029,C0032,Extension,0.5185,4,888a3511e4f04b2e9ad83ee68a4c4dc0,"Because both models share the same underlying linear structure, logistic regression is often introduced as a natural extension of linear regression to classification problems."
R0157,C0032,C0029,Prerequisite,0.5185,4,888a3511e4f04b2e9ad83ee68a4c4dc0,"Because both models share the same underlying linear structure, logistic regression is often introduced as a natural extension of linear regression to classification problems."
R0158,C0032,C0029,Part-of,0.5185,4,888a3511e4f04b2e9ad83ee68a4c4dc0,"Because both models share the same underlying linear structure, logistic regression is often introduced as a natural extension of linear regression to classification problems."
